labels,MNI_x,MNI_y,MNI_z,MNI_R,T1_x,T1_y,T1_z,T1_R,AR_Percentage,T1_AnatomicalRegion,AR_7,AR_8,AR_9,AR_10,AR_11,AR_12,AR_13,AR_14,AR_15,fs_coords_1,fs_coords_2,fs_coords_3
LGA1,-52.666667,48,16.666667,G,-49.639721,50.113274,29.732788,G,100.00%,rostralmiddlefrontal,NaN,NaN,NaN,NaN,NaN,NaN,NaN,NaN,NaN,-37.8030967712402,36.1757545471191,14.6707019805908
LGA2,-54,40,23,G,-51.236485,41.961037,33.740902,G,100.00%,rostralmiddlefrontal,NaN,NaN,NaN,NaN,NaN,NaN,NaN,NaN,NaN,-44.1604042053223,36.3293342590332,22.4990882873535
LGA3,-57,31,30,G,-52.031803,32.012592,36.353046,G,100.00%,rostralmiddlefrontal,NaN,NaN,NaN,NaN,NaN,NaN,NaN,NaN,NaN,-46.4847259521484,31.5622673034668,30.1681003570557
LGA4,-59,22.666667,34.666667,G,-53.208832,24.012028,39.924484,G,100.00%,rostralmiddlefrontal,NaN,NaN,NaN,NaN,NaN,NaN,NaN,NaN,NaN,-47.6267623901367,28.2427978515625,31.1156978607178
LGA5,-59.333333,13,39.333333,G,-53.301922,14.258825,42.75161,G,100.00%,precentral,NaN,NaN,NaN,NaN,NaN,NaN,NaN,NaN,NaN,-57.2803153991699,6.57943868637085,33.6374435424805
LGA6,-60,4,44,G,-54.716408,5.168546,46.286152,G,100.00%,precentral,NaN,NaN,NaN,NaN,NaN,NaN,NaN,NaN,NaN,-57.5190620422363,2.10592126846313,37.3456573486328
LGA7,-62,-7,48,G,-53.16209,-4.007544,48.620178,G,100.00%,precentral,NaN,NaN,NaN,NaN,NaN,NaN,NaN,NaN,NaN,-56.3036918640137,-4.02083730697632,45.2791748046875
LGA8,-62,-16,51,G,-53.026482,-13.02279,51.825279,G,100.00%,postcentral,NaN,NaN,NaN,NaN,NaN,NaN,NaN,NaN,NaN,-57.3478088378906,-22.2677249908447,48.5972480773926
LGA9,-57,46,8,G,-53.021477,49.298756,21.08987,G,100.00%,parstriangularis,NaN,NaN,NaN,NaN,NaN,NaN,NaN,NaN,NaN,-52.3379745483398,33.4328384399414,2.62264466285706
LGA10,-59,38,13,G,-55.46468,40.160698,24.035292,G,100.00%,parstriangularis,NaN,NaN,NaN,NaN,NaN,NaN,NaN,NaN,NaN,-54.7679634094238,29.5770473480225,3.47816586494446
LGA11,-62.666667,29,18.666667,G,-56.185547,30.728741,27.247787,G,100.00%,parsopercularis,NaN,NaN,NaN,NaN,NaN,NaN,NaN,NaN,NaN,-54.5716934204102,22.6702365875244,19.9417610168457
LGA12,-64.5,20.5,25,G,-57.86364,22.199598,31.021269,G,100.00%,parsopercularis,NaN,NaN,NaN,NaN,NaN,NaN,NaN,NaN,NaN,-57.2093315124512,16.7389812469482,18.9394702911377
LGA13,-65.142857,11.142857,29.142857,G,-59.222141,12.319903,34.027565,G,100.00%,precentral,NaN,NaN,NaN,NaN,NaN,NaN,NaN,NaN,NaN,-58.7535285949707,8.70866394042969,28.0011100769043
LGA14,-66,1,34,G,-59.512272,2.963812,37.587162,G,100.00%,postcentral,NaN,NaN,NaN,NaN,NaN,NaN,NaN,NaN,NaN,-63.5311584472656,-7.19223928451538,28.7301025390625
LGA15,-66,-8.666667,38.666667,G,-58.201717,-6.516255,41.01231,G,100.00%,postcentral,NaN,NaN,NaN,NaN,NaN,NaN,NaN,NaN,NaN,-60.4175300598145,-12.6186933517456,39.9181289672852
LGA16,-66.666667,-19.333333,43,G,-58.610466,-16.044039,44.116669,G,100.00%,postcentral,NaN,NaN,NaN,NaN,NaN,NaN,NaN,NaN,NaN,-59.0677108764648,-18.2554798126221,42.8062286376953
LGA17,-57.5,43.5,-3.5,G,-55.963409,47.656265,11.462684,G,100.00%,parstriangularis,NaN,NaN,NaN,NaN,NaN,NaN,NaN,NaN,NaN,-52.2869453430176,35.1845855712891,-2.04403495788574
LGA18,-62.666667,35,1.333333,G,-58.10693,38.170338,14.786384,G,100.00%,parstriangularis,NaN,NaN,NaN,NaN,NaN,NaN,NaN,NaN,NaN,-50.8772392272949,33.2621002197266,-6.20137119293213
LGA19,-64.666667,25,8,G,-58.618195,28.181929,18.098679,G,100.00%,parsopercularis,NaN,NaN,NaN,NaN,NaN,NaN,NaN,NaN,NaN,-55.6712112426758,24.9859161376953,14.2116851806641
LGA20,-65.333333,15.333333,12.666667,G,-60.292549,19.574446,21.756939,G,100.00%,parsopercularis,NaN,NaN,NaN,NaN,NaN,NaN,NaN,NaN,NaN,-54.5661125183105,12.943736076355,4.73332500457764
LGA21,-68,8.666667,19.333333,G,-61.818882,10.058578,25.12537,G,100.00%,precentral,NaN,NaN,NaN,NaN,NaN,NaN,NaN,NaN,NaN,-62.4182510375977,1.83189177513123,21.2169303894043
LGA22,-70.666667,-3.333333,22,G,-63.441532,0.09762,27.998056,G,100.00%,postcentral,NaN,NaN,NaN,NaN,NaN,NaN,NaN,NaN,NaN,-66.0098419189453,-10.0475387573242,16.9832954406738
LGA23,-70,-13,28,G,-62.495899,-10.087507,31.221481,G,100.00%,postcentral,NaN,NaN,NaN,NaN,NaN,NaN,NaN,NaN,NaN,-63.3557929992676,-18.3605060577393,20.468599319458
LGA24,-70,-22,32,G,-62.147217,-19.358374,34.678379,G,100.00%,supramarginal,NaN,NaN,NaN,NaN,NaN,NaN,NaN,NaN,NaN,-56.9397087097168,-24.3920650482178,31.6669979095459
LGA25,-58,37,-12,G,-55.103886,42.937023,2.198599,G,100.00%,parsorbitalis,NaN,NaN,NaN,NaN,NaN,NaN,NaN,NaN,NaN,-45.3387413024902,43.0354995727539,-15.2091770172119
LGA26,-60.666667,29.333333,-8,G,-56.921906,34.18227,5.474728,G,100.00%,parsorbitalis,NaN,NaN,NaN,NaN,NaN,NaN,NaN,NaN,NaN,-48.9094924926758,38.1540832519531,-14.7161884307861
LGA27,-64,20,-1,G,-57.128922,24.296867,9.088232,G,100.00%,parsopercularis,NaN,NaN,NaN,NaN,NaN,NaN,NaN,NaN,NaN,-55.5892105102539,21.6702785491943,7.98581981658936
LGA28,-67,11.333333,3.333333,G,-61.439533,15.799999,12.12611,G,100.00%,parsopercularis,NaN,NaN,NaN,NaN,NaN,NaN,NaN,NaN,NaN,-52.1557388305664,9.80742454528809,-2.15533494949341
LGA29,-71,2,6,G,-63.048443,6.220469,14.899158,G,100.00%,precentral,NaN,NaN,NaN,NaN,NaN,NaN,NaN,NaN,NaN,-56.6748275756836,7.51226902008057,1.26602482795715
LGA30,-71.333333,-6.666667,13,G,-64.485344,-2.931496,18.078459,G,100.00%,postcentral,NaN,NaN,NaN,NaN,NaN,NaN,NaN,NaN,NaN,-62.9013061523438,-7.4384069442749,7.54117202758789
LGA31,-72,-18,18,G,-63.254971,-13.031343,21.775326,G,100.00%,supramarginal,NaN,NaN,NaN,NaN,NaN,NaN,NaN,NaN,NaN,-58.6160278320312,-22.2988758087158,19.5766716003418
LGA32,-71,-26,22,G,-62.950367,-22.700527,24.992708,G,100.00%,supramarginal,NaN,NaN,NaN,NaN,NaN,NaN,NaN,NaN,NaN,-64.0193405151367,-26.1163673400879,23.4308071136475
LGA33,-51.333333,31.333333,-19.333333,G,-48.286034,36.080402,-4.634591,G,84.16%,lateralorbitofrontal,NaN,NaN,NaN,NaN,NaN,NaN,NaN,NaN,NaN,-44.7202911376953,25.9257164001465,-15.7510957717896
LGA34,-56.8,23.6,-14.8,G,-51.703106,28.758331,-2.803394,G,100.00%,parsorbitalis,NaN,NaN,NaN,NaN,NaN,NaN,NaN,NaN,NaN,-47.4765548706055,29.8230285644531,-16.0630970001221
LGA35,-62,17,-11,G,-56.697483,21.189489,0.032962,G,100.00%,rSTG,NaN,NaN,NaN,NaN,NaN,NaN,NaN,NaN,NaN,-56.6976737976074,8.4209156036377,-11.1150560379028
LGA36,-68,8,-8,G,-61.396606,12.624362,2.413146,G,100.00%,mSTG,NaN,NaN,NaN,NaN,NaN,NaN,NaN,NaN,NaN,-60.9075927734375,1.35951697826385,-8.76466751098633
LGA37,-69.333333,-0.666667,-3,G,-63.908512,3.170063,5.410743,G,100.00%,mSTG,NaN,NaN,NaN,NaN,NaN,NaN,NaN,NaN,NaN,-62.2623710632324,-2.98826670646667,-2.39160776138306
LGA38,-72,-11,2,G,-65.141472,-6.456003,8.800333,G,100.00%,mSTG,NaN,NaN,NaN,NaN,NaN,NaN,NaN,NaN,NaN,-65.1472015380859,-13.6169185638428,1.76969838142395
LGA39,-73,-22,7,G,-64.114815,-16.60747,11.993548,G,100.00%,cSTG,NaN,NaN,NaN,NaN,NaN,NaN,NaN,NaN,NaN,-67.9473648071289,-26.8726100921631,6.535569190979
LGA40,-72,-31,11,G,-63.854305,-25.500216,15.637788,G,100.00%,cSTG,NaN,NaN,NaN,NaN,NaN,NaN,NaN,NaN,NaN,-68.1050567626953,-31.7828979492188,8.11924171447754
LGA41,-46,26,-26,G,-44.113209,30.379389,-11.268412,G,100.00%,rSTG,NaN,NaN,NaN,NaN,NaN,NaN,NaN,NaN,NaN,-44.3024673461914,17.8501777648926,-24.0929222106934
LGA42,-55,22,-24,G,-51.857738,25.3556,-11.174675,G,100.00%,rSTG,NaN,NaN,NaN,NaN,NaN,NaN,NaN,NaN,NaN,-50.4785690307617,15.2955780029297,-22.9338645935059
LGA43,-62,14,-21,G,-56.955517,17.466913,-9.108391,G,100.00%,rSTG,NaN,NaN,NaN,NaN,NaN,NaN,NaN,NaN,NaN,-55.2864990234375,9.72574043273926,-17.9539031982422
LGA44,-66.666667,4,-17.333333,G,-61.680065,9.19655,-6.860172,G,100.00%,rMTG,NaN,NaN,NaN,NaN,NaN,NaN,NaN,NaN,NaN,-61.7755012512207,-3.23621678352356,-25.4497852325439
LGA45,-71,-5,-13,G,-65.324181,0.252497,-4.480349,G,100.00%,mMTG,NaN,NaN,NaN,NaN,NaN,NaN,NaN,NaN,NaN,-65.5587997436523,-14.5886793136597,-16.7336483001709
LGA46,-74,-14.666667,-8.666667,G,-66.616631,-9.905672,-1.684166,G,100.00%,mMTG,NaN,NaN,NaN,NaN,NaN,NaN,NaN,NaN,NaN,-66.7686386108398,-23.7554931640625,-11.2172880172729
LGA47,-74,-25,-3,G,-65.242737,-19.76358,2.425297,G,100.00%,mMTG,NaN,NaN,NaN,NaN,NaN,NaN,NaN,NaN,NaN,-64.3361358642578,-38.7109298706055,-6.15782308578491
LGA48,-73,-35,2,G,-64.492691,-28.832201,6.08085,G,100.00%,cMTG,NaN,NaN,NaN,NaN,NaN,NaN,NaN,NaN,NaN,-66.4996185302734,-43.2595100402832,-3.49135065078735
LGA49,-47,23.333333,-36,G,-44.097553,27.519773,-19.298735,G,100.00%,rSTG,NaN,NaN,NaN,NaN,NaN,NaN,NaN,NaN,NaN,-45.1936988830566,17.9848651885986,-29.4108734130859
LGA50,-57,17,-33,G,-52.112671,21.958879,-19.19058,G,100.00%,rMTG,NaN,NaN,NaN,NaN,NaN,NaN,NaN,NaN,NaN,-51.3997383117676,7.7473783493042,-34.5191535949707
LGA51,-61.333333,9,-31.333333,G,-57.404179,14.32315,-18.401146,G,100.00%,rMTG,NaN,NaN,NaN,NaN,NaN,NaN,NaN,NaN,NaN,-52.4669609069824,4.6548924446106,-35.0475044250488
LGA52,-65.6,-1.2,-27.2,G,-60.895813,5.41809,-16.222017,G,100.00%,inferiortemporal,NaN,NaN,NaN,NaN,NaN,NaN,NaN,NaN,NaN,-54.2303237915039,-16.3774528503418,-37.9535598754883
LGA53,-69.333333,-10,-23.333333,G,-64.763023,-3.131757,-14.088531,G,100.00%,inferiortemporal,NaN,NaN,NaN,NaN,NaN,NaN,NaN,NaN,NaN,-55.9518051147461,-23.549243927002,-34.9066505432129
LGA54,-73.333333,-20,-19.333333,G,-66.535645,-13.015685,-11.146196,G,100.00%,inferiortemporal,NaN,NaN,NaN,NaN,NaN,NaN,NaN,NaN,NaN,-56.6186752319336,-30.1605987548828,-32.7567558288574
LGA55,-74,-29,-12,G,-66.264725,-22.71517,-6.893622,G,100.00%,mMTG,NaN,NaN,NaN,NaN,NaN,NaN,NaN,NaN,NaN,-67.6448440551758,-33.3641052246094,-12.5951595306396
LGA56,-73.5,-38.5,-9,G,-64.46508,-31.838293,-3.011748,G,100.00%,cMTG,NaN,NaN,NaN,NaN,NaN,NaN,NaN,NaN,NaN,-65.8369903564453,-43.229118347168,-7.65896224975586
LGA57,-45,17.333333,-43.333333,G,-42.090664,23.500231,-25.638149,G,100.00%,temporalpole,NaN,NaN,NaN,NaN,NaN,NaN,NaN,NaN,NaN,-38.1893501281738,17.6278686523438,-39.5204238891602
LGA58,-54,11.333333,-42.666667,G,-50.522408,18.325823,-27.027489,G,100.00%,rMTG,NaN,NaN,NaN,NaN,NaN,NaN,NaN,NaN,NaN,-47.0904960632324,2.76275277137756,-37.0897216796875
LGA59,-60,3.333333,-38.666667,G,-55.208183,10.280744,-25.702093,G,100.00%,rMTG,NaN,NaN,NaN,NaN,NaN,NaN,NaN,NaN,NaN,-48.896053314209,0.749081075191498,-36.6092758178711
LGA60,-62,-5.333333,-34.666667,G,-58.813095,2.158339,-24.104023,G,100.00%,inferiortemporal,NaN,NaN,NaN,NaN,NaN,NaN,NaN,NaN,NaN,-51.8885803222656,-13.1564025878906,-40.9415283203125
LGA61,-67,-14,-31,G,-61.31665,-6.670882,-21.729832,G,100.00%,inferiortemporal,NaN,NaN,NaN,NaN,NaN,NaN,NaN,NaN,NaN,-46.9980163574219,-23.7677268981934,-32.91357421875
LGA62,-69,-24,-27,G,-63.404469,-16.438042,-19.168539,G,100.00%,inferiortemporal,NaN,NaN,NaN,NaN,NaN,NaN,NaN,NaN,NaN,-49.4179000854492,-28.5306243896484,-32.1704177856445
LGA63,-70.666667,-33.333333,-21,G,-64.243843,-25.404745,-15.997288,G,100.00%,inferiortemporal,NaN,NaN,NaN,NaN,NaN,NaN,NaN,NaN,NaN,-57.2901611328125,-39.0383605957031,-28.6352272033691
LGA64,-71,-43,-17,G,-62.72617,-34.441837,-11.956855,G,100.00%,inferiortemporal,NaN,NaN,NaN,NaN,NaN,NaN,NaN,NaN,NaN,-56.9291496276855,-43.1426773071289,-24.9154396057129
LGB65,-52,44,21,EG,-49.425991,46.690723,32.285595,EG,100.00%,rostralmiddlefrontal,NaN,NaN,NaN,NaN,NaN,NaN,NaN,NaN,NaN,-44.1524124145508,38.9291610717773,23.4464874267578
LGB66,-54.5,37,25.5,EG,-50.179371,38.660351,34.639324,EG,100.00%,rostralmiddlefrontal,NaN,NaN,NaN,NaN,NaN,NaN,NaN,NaN,NaN,-44.1234512329102,35.4754486083984,23.3322696685791
LGB67,-57,26,32,EG,-52.090042,27.512722,38.080963,EG,100.00%,rostralmiddlefrontal,NaN,NaN,NaN,NaN,NaN,NaN,NaN,NaN,NaN,-47.459228515625,29.4729614257812,30.5061893463135
LGB68,-54,47,13,EG,-50.761974,49.715439,25.278906,EG,100.00%,rostralmiddlefrontal,NaN,NaN,NaN,NaN,NaN,NaN,NaN,NaN,NaN,-38.1215896606445,35.0903053283691,15.2620725631714
LGB69,-54.5,43.5,15,EG,-51.503662,45.201794,27.436033,EG,100.00%,rostralmiddlefrontal,NaN,NaN,NaN,NaN,NaN,NaN,NaN,NaN,NaN,-42.8125190734863,35.7895240783691,17.921365737915
LGB70,-55.333333,40,17.333333,EG,-52.679798,41.310177,28.612822,EG,100.00%,rostralmiddlefrontal,NaN,NaN,NaN,NaN,NaN,NaN,NaN,NaN,NaN,-44.3382263183594,35.7442932128906,19.8991260528564
LGB71,-56,36,21,EG,-51.32349,36.816257,30.361193,EG,100.00%,rostralmiddlefrontal,NaN,NaN,NaN,NaN,NaN,NaN,NaN,NaN,NaN,-45.5172500610352,34.8784561157227,21.764196395874
LGB72,-58.8,30.8,24,EG,-52.310139,31.10771,31.944004,EG,100.00%,rostralmiddlefrontal,NaN,NaN,NaN,NaN,NaN,NaN,NaN,NaN,NaN,-47.2274589538574,31.1293849945068,27.7571830749512
LGB73,-60.666667,24.666667,25.333333,EG,-54.332623,26.483217,32.861515,EG,100.00%,parsopercularis,NaN,NaN,NaN,NaN,NaN,NaN,NaN,NaN,NaN,-53.9365615844727,19.69921875,22.3842620849609
LGB74,-58,42,9,EG,-54.102051,44.191994,22.011318,EG,100.00%,parstriangularis,NaN,NaN,NaN,NaN,NaN,NaN,NaN,NaN,NaN,-54.046070098877,31.4817409515381,3.39928317070007
LGB75,-60,34,15,EG,-54.777294,35.979736,25.421495,EG,100.00%,parstriangularis,NaN,NaN,NaN,NaN,NaN,NaN,NaN,NaN,NaN,-55.2713203430176,28.6486701965332,4.86505270004272
LGB76,-63.333333,24,21.333333,EG,-56.780727,26.241711,29.22975,EG,100.00%,parsopercularis,NaN,NaN,NaN,NaN,NaN,NaN,NaN,NaN,NaN,-56.4480094909668,20.1375789642334,20.026065826416
LGB77,-56,45,2,EG,-53.795822,48.170113,16.256733,EG,100.00%,parstriangularis,NaN,NaN,NaN,NaN,NaN,NaN,NaN,NaN,NaN,-52.1775207519531,33.7536010742188,1.01971650123596
LGB78,-60,40.666667,4.666667,EG,-56.352219,44.43475,17.059416,EG,100.00%,parstriangularis,NaN,NaN,NaN,NaN,NaN,NaN,NaN,NaN,NaN,-53.2409782409668,31.2997589111328,-1.42951929569244
LGB79,-61,38,7,EG,-56.132614,40.359974,19.088434,EG,100.00%,parstriangularis,NaN,NaN,NaN,NaN,NaN,NaN,NaN,NaN,NaN,-52.682861328125,28.369556427002,0.347847759723663
LGB80,-62,32,11,EG,-56.934891,34.112999,21.11117,EG,100.00%,parstriangularis,NaN,NaN,NaN,NaN,NaN,NaN,NaN,NaN,NaN,-55.2570610046387,26.5789737701416,5.56438827514648
LGB81,-64,27,13,EG,-57.500526,29.001982,22.572891,EG,100.00%,parsopercularis,NaN,NaN,NaN,NaN,NaN,NaN,NaN,NaN,NaN,-55.0150871276855,24.3612174987793,17.9497013092041
LGB82,-65.6,23.2,15.2,EG,-58.089684,25.418736,24.861744,EG,100.00%,parsopercularis,NaN,NaN,NaN,NaN,NaN,NaN,NaN,NaN,NaN,-56.9895629882812,21.8033561706543,17.2596950531006
LGB83,-66,18,19,EG,-59.103176,20.336708,26.277182,EG,100.00%,parsopercularis,NaN,NaN,NaN,NaN,NaN,NaN,NaN,NaN,NaN,-55.9725875854492,13.286473274231,9.40060424804688
LGB84,-65.2,14.8,21.6,EG,-59.682743,16.58412,28.057056,EG,100.00%,parsopercularis,NaN,NaN,NaN,NaN,NaN,NaN,NaN,NaN,NaN,-55.7860832214355,12.6334199905396,11.7416124343872
LGB85,-66,9,25,EG,-59.663555,10.99433,30.120678,EG,100.00%,precentral,NaN,NaN,NaN,NaN,NaN,NaN,NaN,NaN,NaN,-61.4247550964355,6.58289432525635,25.0447731018066
LGB86,-61,40,0,EG,-57.50964,43.478924,13.102267,EG,100.00%,parstriangularis,NaN,NaN,NaN,NaN,NaN,NaN,NaN,NaN,NaN,-52.3978881835938,32.4474487304688,-3.8260703086853
LGB87,-63.333333,30,4.666667,EG,-57.590351,33.711506,16.627411,EG,100.00%,parstriangularis,NaN,NaN,NaN,NaN,NaN,NaN,NaN,NaN,NaN,-55.4033584594727,25.6249294281006,6.40269947052002
LGB88,-65,20,10,EG,-58.384899,23.71533,19.338268,EG,100.00%,parsopercularis,NaN,NaN,NaN,NaN,NaN,NaN,NaN,NaN,NaN,-57.0143928527832,22.0845985412598,12.4845304489136
LGB89,-66.8,11.2,14.8,EG,-60.778454,14.894726,22.83201,EG,100.00%,parsopercularis,NaN,NaN,NaN,NaN,NaN,NaN,NaN,NaN,NaN,-53.4727401733398,10.9808883666992,5.22251796722412
LGB90,-69,2,20,EG,-63.119156,5.06211,26.463625,EG,100.00%,postcentral,NaN,NaN,NaN,NaN,NaN,NaN,NaN,NaN,NaN,-64.6223754882812,-7.84949398040771,14.098611831665
LGB91,-68.666667,-6,26.666667,EG,-61.610249,-3.915535,30.143253,EG,100.00%,postcentral,NaN,NaN,NaN,NaN,NaN,NaN,NaN,NaN,NaN,-66.2003326416016,-12.9364070892334,21.074405670166
LGB92,-59,40,-7,EG,-56.182335,44.883633,7.858361,EG,100.00%,parstriangularis,NaN,NaN,NaN,NaN,NaN,NaN,NaN,NaN,NaN,-51.2225456237793,36.5681991577148,-3.8296799659729
LGB93,-60.857143,36.857143,-5.142857,EG,-57.474468,41.532352,8.478072,EG,100.00%,parstriangularis,NaN,NaN,NaN,NaN,NaN,NaN,NaN,NaN,NaN,-51.3879318237305,35.7788162231445,-5.31804943084717
LGB94,-61.2,32.4,-2.8,EG,-57.706539,36.328827,10.157372,EG,100.00%,parstriangularis,NaN,NaN,NaN,NaN,NaN,NaN,NaN,NaN,NaN,-50.5684394836426,36.8098335266113,-7.69273376464844
LGB95,-61.5,27.5,-1,EG,-56.562912,31.750603,12.295628,EG,66.53%,parstriangularis,NaN,NaN,NaN,NaN,NaN,NaN,NaN,NaN,NaN,-55.623664855957,23.6808891296387,6.85437154769897
LGB96,-64,23.333333,3.333333,EG,-58.602074,26.263588,14.16854,EG,100.00%,parsopercularis,NaN,NaN,NaN,NaN,NaN,NaN,NaN,NaN,NaN,-56.5788383483887,23.5621662139893,11.43186378479
LGB97,-64,20,5,EG,-58.374203,23.511589,15.546436,EG,100.00%,parsopercularis,NaN,NaN,NaN,NaN,NaN,NaN,NaN,NaN,NaN,-56.6624526977539,21.8380527496338,10.637619972229
LGB98,-65,13,9,EG,-60.772926,17.8946,17.283781,EG,100.00%,parsopercularis,NaN,NaN,NaN,NaN,NaN,NaN,NaN,NaN,NaN,-52.9303092956543,11.3889865875244,0.321290671825409
LGB99,-68.666667,8.666667,10,EG,-61.494019,12.890493,18.844061,EG,100.00%,parsopercularis,NaN,NaN,NaN,NaN,NaN,NaN,NaN,NaN,NaN,-53.4297866821289,10.1885004043579,0.655452966690063
LGB100,-69.2,3.2,13.2,EG,-62.974911,7.405474,20.292837,EG,100.00%,precentral,NaN,NaN,NaN,NaN,NaN,NaN,NaN,NaN,NaN,-60.1966667175293,-2.49222588539124,15.455225944519
LGB101,-70.8,-0.8,14.4,EG,-64.144081,3.306046,21.782598,EG,100.00%,postcentral,NaN,NaN,NaN,NaN,NaN,NaN,NaN,NaN,NaN,-63.0224723815918,-6.02883195877075,12.2372198104858
LGB102,-71,-5.333333,17.333333,EG,-63.160347,-1.412193,22.49231,EG,100.00%,postcentral,NaN,NaN,NaN,NaN,NaN,NaN,NaN,NaN,NaN,-64.9637756347656,-9.8318510055542,10.1098585128784
LGB103,-70.4,-8.8,19.2,EG,-62.931511,-5.791866,24.18918,EG,100.00%,postcentral,NaN,NaN,NaN,NaN,NaN,NaN,NaN,NaN,NaN,-64.9658355712891,-15.235315322876,12.6787395477295
LGB104,-70,-14.666667,23.333333,EG,-62.639427,-11.925211,27.064535,EG,100.00%,postcentral,NaN,NaN,NaN,NaN,NaN,NaN,NaN,NaN,NaN,-61.1502456665039,-19.5007724761963,17.327054977417
LGB105,-70,-19.333333,24.666667,EG,-61.385963,-15.25735,27.988098,EG,42.02%,postcentral,NaN,NaN,NaN,NaN,NaN,NaN,NaN,NaN,NaN,-60.5996398925781,-20.5442352294922,22.2637748718262
LGB106,-60,35,-11,EG,-56.316544,39.221928,3.291491,EG,100.00%,parsorbitalis,NaN,NaN,NaN,NaN,NaN,NaN,NaN,NaN,NaN,-46.8849449157715,40.7829513549805,-15.5765428543091
LGB107,-61.5,25,-5.5,EG,-55.748497,30.697552,7.3403,EG,100.00%,parsorbitalis,NaN,NaN,NaN,NaN,NaN,NaN,NaN,NaN,NaN,-50.3261337280273,34.8927993774414,-13.2306156158447
LGB108,-64,15.333333,1.333333,EG,-58.924603,19.338316,11.991276,EG,100.00%,parsopercularis,NaN,NaN,NaN,NaN,NaN,NaN,NaN,NaN,NaN,-50.1683120727539,10.3543195724487,-2.73984575271606
LGB109,-68.5,7,5.5,EG,-61.509678,11.666492,13.539978,EG,100.00%,parsopercularis,NaN,NaN,NaN,NaN,NaN,NaN,NaN,NaN,NaN,-53.9937324523926,9.33393955230713,-0.64310896396637
LGB110,-70,-4,11,EG,-63.364841,0.781937,17.309542,EG,56.77%,postcentral,NaN,NaN,NaN,NaN,NaN,NaN,NaN,NaN,NaN,-62.0645751953125,-4.8330602645874,8.84096336364746
LGB111,-71.333333,-12.666667,16,EG,-63.268757,-8.121529,20.044382,EG,100.00%,postcentral,NaN,NaN,NaN,NaN,NaN,NaN,NaN,NaN,NaN,-62.3719902038574,-12.3959503173828,9.06838417053223
LGB112,-68,4,-6,EG,-62.225128,8.258225,3.997612,EG,100.00%,mSTG,NaN,NaN,NaN,NaN,NaN,NaN,NaN,NaN,NaN,-61.6326179504395,-0.556217849254608,-6.16295719146729
LGB113,-70,-6,0,EG,-62.406223,-1.025006,7.179349,EG,100.00%,mSTG,NaN,NaN,NaN,NaN,NaN,NaN,NaN,NaN,NaN,-62.913215637207,-7.08034133911133,-1.59127736091614
LGB114,-72,-17,5,EG,-63.25499,-11.163182,10.016977,EG,100.00%,mSTG,NaN,NaN,NaN,NaN,NaN,NaN,NaN,NaN,NaN,-62.8629379272461,-16.2777137756348,4.56068706512451
LGB115,-71,-27,10,EG,-63.406036,-21.854532,14.264875,EG,100.00%,cSTG,NaN,NaN,NaN,NaN,NaN,NaN,NaN,NaN,NaN,-68.2476043701172,-30.240213394165,7.05649328231812
LGB116,-65.142857,4.857143,-13.142857,EG,-60.781483,10.365141,-2.235524,EG,100.00%,rMTG,NaN,NaN,NaN,NaN,NaN,NaN,NaN,NaN,NaN,-61.3196601867676,-3.71155619621277,-23.3872890472412
LGB117,-66.857143,1.142857,-10.857143,EG,-62.796066,6.298556,-1.369792,EG,100.00%,rMTG,NaN,NaN,NaN,NaN,NaN,NaN,NaN,NaN,NaN,-62.4237861633301,-5.26416444778442,-23.7079219818115
LGB118,-69,-4,-9,EG,-64.255669,1.749372,-0.546326,EG,100.00%,rMTG,NaN,NaN,NaN,NaN,NaN,NaN,NaN,NaN,NaN,-63.1368789672852,-8.46818923950195,-23.3280086517334
LGB119,-70.8,-7.2,-6.4,EG,-64.868652,-2.592872,1.116041,EG,100.00%,mMTG,NaN,NaN,NaN,NaN,NaN,NaN,NaN,NaN,NaN,-63.8481025695801,-10.7644681930542,-20.0329647064209
LGB120,-72,-13,-2,EG,-65.07164,-8.274672,4.161922,EG,100.00%,mSTG,NaN,NaN,NaN,NaN,NaN,NaN,NaN,NaN,NaN,-65.8863754272461,-16.3451080322266,2.00047636032104
LGB121,-72,-19,0,EG,-64.865524,-13.125319,5.321232,EG,100.00%,mSTG,NaN,NaN,NaN,NaN,NaN,NaN,NaN,NaN,NaN,-65.1936187744141,-18.9474048614502,3.46033930778503
LGB122,-72,-24,2,EG,-63.863224,-18.680103,7.411225,EG,100.00%,cSTG,NaN,NaN,NaN,NaN,NaN,NaN,NaN,NaN,NaN,-68.699577331543,-26.2713260650635,4.11837339401245
LGB123,-72,-28.666667,4.666667,EG,-63.40448,-22.246181,9.620471,EG,100.00%,cSTG,NaN,NaN,NaN,NaN,NaN,NaN,NaN,NaN,NaN,-68.4526824951172,-30.2287197113037,3.69056463241577
LGB124,-68.857143,-1.142857,-15.142857,EG,-63.591499,4.290014,-5.654095,EG,100.00%,rMTG,NaN,NaN,NaN,NaN,NaN,NaN,NaN,NaN,NaN,-62.1406021118164,-7.15913677215576,-26.9933414459229
LGB125,-72,-10,-11,EG,-65.442223,-4.121981,-3.565751,EG,100.00%,mMTG,NaN,NaN,NaN,NaN,NaN,NaN,NaN,NaN,NaN,-64.9514007568359,-13.5458555221558,-17.4183235168457
LGB126,-73,-21,-7,EG,-65.21283,-15.236548,-1.70452,EG,100.00%,mMTG,NaN,NaN,NaN,NaN,NaN,NaN,NaN,NaN,NaN,-66.6715240478516,-28.4748649597168,-10.3576736450195
LGB127,-72.4,-31.2,-0.8,EG,-64.138428,-24.129059,4.556139,EG,66.39%,cMTG,NaN,NaN,NaN,NaN,NaN,NaN,NaN,NaN,NaN,-65.6879959106445,-40.6176376342773,-5.00229692459106
LGB128,-68,-1.2,-19.2,EG,-61.574368,3.817581,-9.35118,EG,100.00%,rMTG,NaN,NaN,NaN,NaN,NaN,NaN,NaN,NaN,NaN,-60.6036148071289,-6.94189834594727,-29.2303009033203
LAT1,-17,3,-35,S,-17.487295,11.567053,-22.406458,S,100.00%,entorhinal,NaN,NaN,NaN,NaN,NaN,NaN,NaN,NaN,NaN,-19.7254447937012,-2.57279634475708,-36.053092956543
LAT2,-21,11,-40,S,-22.558151,19.457226,-26.053173,S,100.00%,entorhinal,NaN,NaN,NaN,NaN,NaN,NaN,NaN,NaN,NaN,-20.8160820007324,3.91222524642944,-40.9885482788086
LAT3,-29.2,16.8,-42.8,S,-29.292988,25.187662,-28.807943,S,100.00%,temporalpole,NaN,NaN,NaN,NaN,NaN,NaN,NaN,NaN,NaN,-29.9200859069824,11.783055305481,-42.9031181335449
LAT4,-35.333333,18.666667,-42,S,-35.721004,26.787727,-25.197153,S,100.00%,temporalpole,NaN,NaN,NaN,NaN,NaN,NaN,NaN,NaN,NaN,-33.4511795043945,16.5491504669189,-41.5788955688477
LMT1,-17,-10,-29,S,-14.889372,-2.788189,-19.689981,S,100.00%,entorhinal,NaN,NaN,NaN,NaN,NaN,NaN,NaN,NaN,NaN,-16.6101722717285,-7.78809213638306,-29.0231666564941
LMT2,-22.666667,-7.333333,-39,S,-20.933899,1.836354,-26.622576,S,100.00%,entorhinal,NaN,NaN,NaN,NaN,NaN,NaN,NaN,NaN,NaN,-20.6415710449219,-8.56411743164062,-36.7046737670898
LMT3,-30.5,-5.5,-47,S,-28.763857,4.955882,-33.429298,S,100.00%,fusiform,NaN,NaN,NaN,NaN,NaN,NaN,NaN,NaN,NaN,-31.7985286712646,-5.34495687484741,-44.9514808654785
LMT4,-41,2,-50,S,-38.977642,11.170069,-34.552921,S,100.00%,inferiortemporal,NaN,NaN,NaN,NaN,NaN,NaN,NaN,NaN,NaN,-40.8193817138672,3.02016425132751,-40.2952194213867
LPT1,-47,-62,-23,S,-38.780807,-50.416073,-17.110991,S,100.00%,fusiform,NaN,NaN,NaN,NaN,NaN,NaN,NaN,NaN,NaN,-43.2876319885254,-58.7022476196289,-23.2801418304443
LPT2,-53,-55,-27,S,-43.702564,-43.762375,-20.358259,S,100.00%,fusiform,NaN,NaN,NaN,NaN,NaN,NaN,NaN,NaN,NaN,-37.9524765014648,-44.9357795715332,-25.7865409851074
LPT3,-59.142857,-44.857143,-28.857143,S,-50.677639,-35.94804,-22.798487,S,100.00%,fusiform,NaN,NaN,NaN,NaN,NaN,NaN,NaN,NaN,NaN,-41.8294105529785,-42.0548477172852,-25.62184715271
LPT4,-64,-37,-27,S,-56.433384,-28.92185,-20.914579,S,100.00%,inferiortemporal,NaN,NaN,NaN,NaN,NaN,NaN,NaN,NaN,NaN,-53.036792755127,-42.4252700805664,-29.6024971008301
LO1,-19.142857,-101.142857,19.142857,S,-13.438099,-92.106651,14.661704,S,100.00%,lateraloccipital,NaN,NaN,NaN,NaN,NaN,NaN,NaN,NaN,NaN,-13.3951444625854,-101.496322631836,14.106068611145
LO2,-29.5,-97,17.5,S,-24.176001,-89.666618,12.041628,S,100.00%,lateraloccipital,NaN,NaN,NaN,NaN,NaN,NaN,NaN,NaN,NaN,-25.8163661956787,-98.4821319580078,12.104248046875
LO7,-64,-61,1,S,-56.564281,-53.20937,2.168056,S,100.00%,cMTG,NaN,NaN,NaN,NaN,NaN,NaN,NaN,NaN,NaN,-59.1545295715332,-63.000804901123,7.04311466217041
LO8,-68,-52,-5,S,-60.573391,-44.954315,-1.830201,S,100.00%,cMTG,NaN,NaN,NaN,NaN,NaN,NaN,NaN,NaN,NaN,-60.298023223877,-61.6253776550293,1.75070440769196
LP1,-16,-97.333333,28.666667,S,-10.851789,-90.236557,24.723177,S,100.00%,lateraloccipital,NaN,NaN,NaN,NaN,NaN,NaN,NaN,NaN,NaN,-12.0126972198486,-97.5920257568359,19.0279865264893
LP2,-26.666667,-96.666667,26.666667,S,-21.153545,-89.100685,22.447783,S,100.00%,lateraloccipital,NaN,NaN,NaN,NaN,NaN,NaN,NaN,NaN,NaN,-22.0001773834229,-98.1229705810547,17.6646823883057
LP5,-53,-77,19,S,-46.005386,-69.714249,16.99679,S,100.00%,inferiorparietal,NaN,NaN,NaN,NaN,NaN,NaN,NaN,NaN,NaN,-44.8025054931641,-75.5716705322266,25.9068870544434
LP6,-59.333333,-68,16.666667,S,-51.094303,-60.631557,15.09504,S,100.00%,inferiorparietal,NaN,NaN,NaN,NaN,NaN,NaN,NaN,NaN,NaN,-47.3040542602539,-65.3390960693359,10.0769214630127
LP7,-64.666667,-60,13.333333,S,-55.827324,-52.196083,13.050212,S,100.00%,cMTG,NaN,NaN,NaN,NaN,NaN,NaN,NaN,NaN,NaN,-61.0385131835938,-58.741943359375,7.27694082260132
LP8,-70,-50.666667,6.666667,S,-60.236328,-43.631756,9.982659,S,100.00%,cMTG,NaN,NaN,NaN,NaN,NaN,NaN,NaN,NaN,NaN,-64.6032028198242,-55.0703506469727,3.36662721633911
LF1,-15,44.666667,56.666667,S,-13.40236,45.20042,61.119888,S,100.00%,superiorfrontal,NaN,NaN,NaN,NaN,NaN,NaN,NaN,NaN,NaN,-8.53680419921875,37.8819046020508,54.2918167114258
LF2,-26,41,53,S,-24.199026,42.524464,59.14439,S,100.00%,superiorfrontal,NaN,NaN,NaN,NaN,NaN,NaN,NaN,NaN,NaN,-22.8555793762207,32.4943580627441,52.7029724121094
LF5,-51,36,34,S,-47.044147,37.551617,41.889843,S,100.00%,rostralmiddlefrontal,NaN,NaN,NaN,NaN,NaN,NaN,NaN,NaN,NaN,-38.4892959594727,28.0588417053223,37.9448928833008
LF6,-56.666667,32.666667,27,S,-51.950481,34.248039,34.287186,S,100.00%,rostralmiddlefrontal,NaN,NaN,NaN,NaN,NaN,NaN,NaN,NaN,NaN,-46.0586624145508,32.6988906860352,28.0064125061035
LOF1,-12,50,-27,S,-14.336555,57.286133,-12.493476,S,100.00%,lateralorbitofrontal,NaN,NaN,NaN,NaN,NaN,NaN,NaN,NaN,NaN,-12.788498878479,44.3635635375977,-26.1759834289551
LOF2,-20,45,-25,S,-21.927767,51.246941,-8.879143,S,100.00%,lateralorbitofrontal,NaN,NaN,NaN,NaN,NaN,NaN,NaN,NaN,NaN,-19.4328269958496,39.9026794433594,-20.1310043334961
LOF3,-29.6,41.2,-23.2,S,-29.554525,47.526695,-4.799411,S,100.00%,lateralorbitofrontal,NaN,NaN,NaN,NaN,NaN,NaN,NaN,NaN,NaN,-22.4572143554688,33.9674873352051,-15.9274034500122
LOF4,-39.5,37,-22.5,S,-38.783928,43.995022,-4.17921,S,100.00%,lateralorbitofrontal,NaN,NaN,NaN,NaN,NaN,NaN,NaN,NaN,NaN,-32.9447441101074,31.9772529602051,-18.716329574585
ROF1,19,55,43,S,15.668303,58.008503,52.321209,S,100.00%,superiorfrontal,NaN,NaN,NaN,NaN,NaN,NaN,NaN,NaN,NaN,16.7029991149902,48.4840354919434,40.5599060058594
ROF2,29.333333,50,40.666667,S,25.249149,54.328697,48.994202,S,100.00%,superiorfrontal,NaN,NaN,NaN,NaN,NaN,NaN,NaN,NaN,NaN,19.8980350494385,43.6863784790039,41.2018508911133
ROF3,37,44,39,S,32.714203,49.77108,45.090775,S,100.00%,superiorfrontal,NaN,NaN,NaN,NaN,NaN,NaN,NaN,NaN,NaN,38.0246925354004,35.4797630310059,32.7151870727539
ROF4,47,39.333333,35.333333,S,40.165501,44.58493,40.253235,S,100.00%,superiorfrontal,NaN,NaN,NaN,NaN,NaN,NaN,NaN,NaN,NaN,41.4736022949219,33.0362586975098,33.8446884155273
RAT1,25.333333,25.333333,-38,S,21.088682,34.229115,-24.891018,S,NaN,NaN,NaN,NaN,NaN,NaN,NaN,NaN,NaN,NaN,NaN,30.1228637695312,13.7373180389404,-41.3279495239258
RAT2,18.5,14.5,-43,S,17.484602,24.073168,-29.663858,S,100.00%,medialorbitofrontal,NaN,NaN,NaN,NaN,NaN,NaN,NaN,NaN,NaN,27.1953983306885,5.57752704620361,-44.3098754882812
RAT3,23.333333,24,-38.666667,S,20.554379,33.723476,-25.010677,S,NaN,NaN,NaN,NaN,NaN,NaN,NaN,NaN,NaN,NaN,NaN,29.4516410827637,13.3868236541748,-41.5143737792969
RAT4,31,29.333333,-33.333333,S,26.630091,38.762863,-19.460724,S,100.00%,medialorbitofrontal,NaN,NaN,NaN,NaN,NaN,NaN,NaN,NaN,NaN,34.8952674865723,19.9746055603027,-38.4107894897461
RAT5,43,28,-26,S,35.205059,38.799583,-13.138474,S,100.00%,medialorbitofrontal,NaN,NaN,NaN,NaN,NaN,NaN,NaN,NaN,NaN,40.9080429077148,21.3877258300781,-33.340633392334
RAT6,53,24,-19,S,43.040504,35.330952,-7.045524,S,100.00%,rostralanteriorcingulate,NaN,NaN,NaN,NaN,NaN,NaN,NaN,NaN,NaN,51.3780822753906,15.7464504241943,-20.8200168609619
RMT1,14,4,-37,S,12.583817,14.951118,-25.069082,S,NaN,NaN,NaN,NaN,NaN,NaN,NaN,NaN,NaN,NaN,NaN,20.6981678009033,-0.744033217430115,-35.5792465209961
RMT2,19.5,3,-44.5,S,18.912384,14.097514,-32.341396,S,NaN,NaN,NaN,NaN,NaN,NaN,NaN,NaN,NaN,NaN,NaN,33.5171813964844,-6.81130599975586,-41.3616561889648
RMT3,37,-1,-45,S,33.224667,13.716334,-36.218273,S,NaN,NaN,NaN,NaN,NaN,NaN,NaN,NaN,NaN,NaN,NaN,41.7422714233398,-9.35991096496582,-44.4711570739746
RMT4,51,-1,-43,S,43.317444,13.490468,-31.775539,S,NaN,NaN,NaN,NaN,NaN,NaN,NaN,NaN,NaN,NaN,NaN,50.4446640014648,-6.46068048477173,-43.1123580932617
RPT1,18.8,-4.8,-43.2,S,17.268787,7.802229,-30.84676,S,NaN,NaN,NaN,NaN,NaN,NaN,NaN,NaN,NaN,NaN,NaN,31.4089412689209,-7.29195499420166,-40.1682167053223
RPT2,35,-10,-43,S,30.105927,3.705525,-33.930771,S,NaN,NaN,NaN,NaN,NaN,NaN,NaN,NaN,NaN,NaN,NaN,35.7072715759277,-8.80646705627441,-38.2540969848633
RPT3,46.857143,-13.142857,-38.857143,S,41.714851,0.328702,-31.114326,S,NaN,NaN,NaN,NaN,NaN,NaN,NaN,NaN,NaN,NaN,NaN,48.1826934814453,-16.3272819519043,-40.1671752929688
RPT4,56.666667,-19.333333,-33,S,50.826962,-3.9146,-27.438894,S,NaN,NaN,NaN,NaN,NaN,NaN,NaN,NaN,NaN,NaN,NaN,54.0165939331055,-21.5218868255615,-36.4294052124023
RO1,29.142857,-98.857143,10.857143,S,31.670681,-84.02504,5.19226,S,100.00%,cuneus,NaN,NaN,NaN,NaN,NaN,NaN,NaN,NaN,NaN,28.992992401123,-92.8678665161133,14.8630886077881
RO2,39,-91,9,S,38.624912,-75.97171,4.243532,S,100.00%,pericalcarine,NaN,NaN,NaN,NaN,NaN,NaN,NaN,NaN,NaN,48.5764236450195,-80.8563919067383,8.12314891815186
RO7,68,-48,3,S,60.541023,-32.804218,1.324002,S,NaN,NaN,NaN,NaN,NaN,NaN,NaN,NaN,NaN,NaN,NaN,60.7885208129883,-56.8821220397949,8.38154792785645
RO8,72,-38,2,S,62.421959,-22.546185,1.875116,S,NaN,NaN,NaN,NaN,NaN,NaN,NaN,NaN,NaN,NaN,NaN,69.0612640380859,-33.0049209594727,10.4824390411377
DLAMT1,-16.4,-6.8,-19.2,D,-16,0,-10,D,40.74%,Unknown,NaN,NaN,NaN,NaN,NaN,NaN,NaN,NaN,NaN,-10.8037452697754,-13.7370500564575,-19.1243858337402
DLAMT2,-22,-4,-20,D,-20.428571,2.142857,-10.714286,D,92.59%,Left-Hippocampus,NaN,NaN,NaN,NaN,NaN,NaN,NaN,NaN,NaN,-22.6459465026855,-5.9850606918335,-28.5923824310303
DLAMT3,-26,-2,-21,D,-24.857143,4.285714,-11.428571,D,22.22%,Left-Hippocampus,NaN,NaN,NaN,NaN,NaN,NaN,NaN,NaN,NaN,-24.7610740661621,-6.2391791343689,-27.6133270263672
DLAMT4,-30,1,-23,D,-29.285714,6.428571,-12.142857,D,100.00%,Left-Amygdala,NaN,NaN,NaN,NaN,NaN,NaN,NaN,NaN,NaN,-27.6802024841309,-6.02166843414307,-24.4933223724365
DLAMT5,-34,3,-23,D,-33.714286,8.571429,-12.857143,D,62.96%,Left-Cerebral-White-Matter,NaN,NaN,NaN,NaN,NaN,NaN,NaN,NaN,NaN,-31.1368350982666,-7.5033540725708,-24.8997459411621
DLAMT6,-40.857143,6.285714,-25.142857,D,-38.142857,10.714286,-13.571429,D,100.00%,Left-Cerebral-White-Matter,NaN,NaN,NaN,NaN,NaN,NaN,NaN,NaN,NaN,-39.962085723877,1.42552304267883,-20.6190757751465
DLAMT7,-47,9,-25,D,-42.571429,12.857143,-14.285714,D,81.48%,Left-Cerebral-White-Matter,NaN,NaN,NaN,NaN,NaN,NaN,NaN,NaN,NaN,-49.4977416992188,7.57444286346436,-28.2964134216309
DLAMT8,-51,13.333333,-26.666667,D,-47,15,-15,D,29.63%,Unknown,NaN,NaN,NaN,NaN,NaN,NaN,NaN,NaN,NaN,-51.3094787597656,7.10987091064453,-29.736888885498
DLPMT1,-22.666667,-38,-8.666667,D,-21,-29,-5,D,7.41%,Unknown,NaN,NaN,NaN,NaN,NaN,NaN,NaN,NaN,NaN,-24.4978370666504,-43.5966682434082,-10.9158201217651
DLPMT2,-27,-35,-11,D,-24.285714,-25.142857,-5.714286,D,3.70%,Unknown,NaN,NaN,NaN,NaN,NaN,NaN,NaN,NaN,NaN,-28.6333618164062,-40.4558334350586,-13.7914600372314
DLPMT3,-30,-31,-13,D,-27.571429,-21.285714,-6.428571,D,37.04%,Left-Cerebral-White-Matter,NaN,NaN,NaN,NaN,NaN,NaN,NaN,NaN,NaN,-37.3739013671875,-32.6726341247559,-12.6889171600342
DLPMT4,-33.333333,-25,-14.666667,D,-30.857143,-17.428571,-7.142857,D,100.00%,Left-Hippocampus,NaN,NaN,NaN,NaN,NaN,NaN,NaN,NaN,NaN,-36.7668647766113,-26.0067939758301,-16.3462467193604
DLPMT5,-36.5,-20.5,-15.5,D,-34.142857,-13.571429,-7.857143,D,100.00%,Left-Hippocampus,NaN,NaN,NaN,NaN,NaN,NaN,NaN,NaN,NaN,-36.2367401123047,-20.7759284973145,-15.8600101470947
DLPMT6,-40.5,-15.5,-16,D,-37.428571,-9.714286,-8.571429,D,44.44%,Left-Cerebral-White-Matter,NaN,NaN,NaN,NaN,NaN,NaN,NaN,NaN,NaN,-36.8230514526367,-18.1493759155273,-18.510461807251
DLPMT7,-46,-11,-16,D,-40.714286,-5.857143,-9.285714,D,88.89%,Left-Cerebral-White-Matter,NaN,NaN,NaN,NaN,NaN,NaN,NaN,NaN,NaN,-36.5988845825195,-16.8146667480469,-19.6154727935791
DLPMT8,-51,-6,-16,D,-44,-2,-10,D,62.96%,ctx-lh-inferiortemporal,NaN,NaN,NaN,NaN,NaN,NaN,NaN,NaN,NaN,-51.392333984375,-14.3070859909058,-29.6784858703613
DLAI1,-31,4,-2,D,-30,8,7,D,44.44%,Left-Putamen,NaN,NaN,NaN,NaN,NaN,NaN,NaN,NaN,NaN,-23.5127506256104,-1.09658980369568,-13.5681629180908
DLAI2,-36,6,-3,D,-34,10.666667,6,D,100.00%,Left-Putamen,NaN,NaN,NaN,NaN,NaN,NaN,NaN,NaN,NaN,-38.7666015625,5.5806245803833,1.15888571739197
DLAI3,-41,8,-4,D,-38,13.333333,5,D,44.44%,Left-Cerebral-White-Matter,NaN,NaN,NaN,NaN,NaN,NaN,NaN,NaN,NaN,-40.3249778747559,6.16073513031006,-0.70345413684845
DLAI4,-45,10.666667,-5.333333,D,-42,16,4,D,3.70%,Unknown,NaN,NaN,NaN,NaN,NaN,NaN,NaN,NaN,NaN,-41.6067543029785,7.4718656539917,-3.89391851425171
DLPI1,-36.8,-11.2,0.8,D,-33,-8,8,D,18.52%,Left-Cerebral-White-Matter,NaN,NaN,NaN,NaN,NaN,NaN,NaN,NaN,NaN,-36.606086730957,-22.4997367858887,1.8790340423584
DLPI2,-42,-13.333333,2.666667,D,-38,-8.666667,9,D,18.52%,Unknown,NaN,NaN,NaN,NaN,NaN,NaN,NaN,NaN,NaN,-37.9984474182129,-19.3137302398682,2.45183300971985
DLPI3,-47.5,-13.5,4.5,D,-43,-9.333333,10,D,25.93%,Unknown,NaN,NaN,NaN,NaN,NaN,NaN,NaN,NaN,NaN,-43.9135971069336,-19.3436012268066,0.393031686544418
DLPI4,-52.666667,-13.333333,6,D,-48,-10,11,D,92.59%,Left-Cerebral-White-Matter,NaN,NaN,NaN,NaN,NaN,NaN,NaN,NaN,NaN,-51.9708671569824,-22.5303592681885,2.85977745056152
DLAL1,-24.75,-59.5,1.5,D,-23,-53,-1,D,100.00%,Left-Cerebral-White-Matter,NaN,NaN,NaN,NaN,NaN,NaN,NaN,NaN,NaN,-29.2605171203613,-61.965747833252,-8.25233554840088
DLAL2,-27.333333,-55.333333,0.444444,D,-25.818182,-49,-1.363636,D,100.00%,Left-Cerebral-White-Matter,NaN,NaN,NaN,NaN,NaN,NaN,NaN,NaN,NaN,-29.2303104400635,-58.1260604858398,-9.49467372894287
DLAL3,-30.666667,-51.666667,-2.333333,D,-28.636364,-45,-1.727273,D,66.67%,Left-Cerebral-White-Matter,NaN,NaN,NaN,NaN,NaN,NaN,NaN,NaN,NaN,-29.3316898345947,-54.919849395752,-9.11995506286621
DLAL4,-34.8,-48.8,-5.6,D,-31.454545,-41,-2.090909,D,100.00%,Left-Cerebral-White-Matter,NaN,NaN,NaN,NaN,NaN,NaN,NaN,NaN,NaN,-31.5315589904785,-49.4686088562012,-9.08370018005371
DLAL5,-36,-44,-6,D,-34.272727,-37,-2.454545,D,100.00%,Left-Cerebral-White-Matter,NaN,NaN,NaN,NaN,NaN,NaN,NaN,NaN,NaN,-32.3554039001465,-47.4092712402344,-9.63356304168701
DLAL6,-41,-39,-6,D,-37.090909,-33,-2.818182,D,100.00%,Left-Cerebral-White-Matter,NaN,NaN,NaN,NaN,NaN,NaN,NaN,NaN,NaN,-33.7679786682129,-41.9493217468262,-11.041802406311
DLAL7,-44.333333,-35,-7,D,-39.909091,-29,-3.181818,D,100.00%,Left-Cerebral-White-Matter,NaN,NaN,NaN,NaN,NaN,NaN,NaN,NaN,NaN,-57.5922660827637,-45.1171455383301,-14.077374458313
DLAL8,-50,-31,-7.8,D,-42.727273,-25,-3.545455,D,66.67%,Left-Cerebral-White-Matter,NaN,NaN,NaN,NaN,NaN,NaN,NaN,NaN,NaN,-58.7986526489258,-42.5718421936035,-14.9814329147339
DLAL9,-54,-27.6,-9.2,D,-45.545455,-21,-3.909091,D,100.00%,Left-Cerebral-White-Matter,NaN,NaN,NaN,NaN,NaN,NaN,NaN,NaN,NaN,-55.4953422546387,-33.8853378295898,-18.8801898956299
DLAL10,-57.142857,-22.857143,-10.857143,D,-48.363636,-17,-4.272727,D,44.44%,Left-Cerebral-White-Matter,NaN,NaN,NaN,NaN,NaN,NaN,NaN,NaN,NaN,-55.1022529602051,-32.5179901123047,-19.2635021209717
DLAL11,-60,-19,-11,D,-51.181818,-13,-4.636364,D,62.96%,Left-Cerebral-White-Matter,NaN,NaN,NaN,NaN,NaN,NaN,NaN,NaN,NaN,-52.3761978149414,-26.1784019470215,-10.281834602356
DLAL12,-61,-15,-11,D,-54,-9,-5,D,14.81%,Left-Cerebral-White-Matter,NaN,NaN,NaN,NaN,NaN,NaN,NaN,NaN,NaN,-55.6833686828613,-22.7818794250488,-11.8377552032471
DLPL1,-22.333333,-69.333333,3.666667,D,-20,-62,1,D,100.00%,Left-Cerebral-White-Matter,NaN,NaN,NaN,NaN,NaN,NaN,NaN,NaN,NaN,-27.2453765869141,-68.2412261962891,-6.48628091812134
DLPL2,-26.285714,-66.571429,1.428571,D,-23.181818,-58.272727,0.727273,D,100.00%,Left-Cerebral-White-Matter,NaN,NaN,NaN,NaN,NaN,NaN,NaN,NaN,NaN,-28.4881076812744,-66.2558364868164,-7.16679286956787
DLPL3,-28.5,-61.5,3,D,-26.363636,-54.545455,0.454545,D,100.00%,Left-Cerebral-White-Matter,NaN,NaN,NaN,NaN,NaN,NaN,NaN,NaN,NaN,-29.4936943054199,-61.6760864257812,-8.49266624450684
DLPL4,-32,-58,3,D,-29.545455,-50.818182,0.181818,D,88.89%,Left-Cerebral-White-Matter,NaN,NaN,NaN,NaN,NaN,NaN,NaN,NaN,NaN,-29.5736885070801,-58.2817878723145,-9.77469444274902
DLPL5,-36.923077,-56.153846,0.923077,D,-32.727273,-47.090909,-0.090909,D,96.30%,Left-Cerebral-White-Matter,NaN,NaN,NaN,NaN,NaN,NaN,NaN,NaN,NaN,-45.0697937011719,-63.7883071899414,0.478030830621719
DLPL6,-41.142857,-51.714286,-1.428571,D,-35.909091,-43.363636,-0.363636,D,92.59%,Left-Cerebral-White-Matter,NaN,NaN,NaN,NaN,NaN,NaN,NaN,NaN,NaN,-47.502857208252,-63.9922676086426,-0.466067880392075
DLPL7,-47,-48,-3,D,-39.090909,-39.636364,-0.636364,D,85.19%,Left-Cerebral-White-Matter,NaN,NaN,NaN,NaN,NaN,NaN,NaN,NaN,NaN,-53.4190864562988,-64.7352676391602,-2.67572689056396
DLPL8,-51,-46,-4,D,-42.272727,-35.909091,-0.909091,D,29.63%,Left-Cerebral-White-Matter,NaN,NaN,NaN,NaN,NaN,NaN,NaN,NaN,NaN,-55.5541305541992,-55.2087936401367,-6.72782135009766
DLPL9,-55.5,-39.5,-4,D,-45.454545,-32.181818,-1.181818,D,18.52%,Left-Cerebral-White-Matter,NaN,NaN,NaN,NaN,NaN,NaN,NaN,NaN,NaN,-57.6088676452637,-51.1909561157227,-9.79286670684814
DLPL10,-58.666667,-35.333333,-4.666667,D,-48.636364,-28.454545,-1.454545,D,37.04%,Unknown,NaN,NaN,NaN,NaN,NaN,NaN,NaN,NaN,NaN,-58.8921585083008,-49.1395225524902,-16.0100746154785
DLPL11,-60.5,-31.5,-5.5,D,-51.818182,-24.727273,-1.727273,D,100.00%,ctx-lh-middletemporal,NaN,NaN,NaN,NaN,NaN,NaN,NaN,NaN,NaN,-60.9114875793457,-41.8974800109863,-12.9513826370239
DLPL12,-63,-27,-6,D,-55,-21,-2,D,100.00%,Left-Cerebral-White-Matter,NaN,NaN,NaN,NaN,NaN,NaN,NaN,NaN,NaN,-56.504035949707,-35.7516479492188,-7.56629323959351
DRAMT1,18,-11,-25,D,14,-3,-17,D,14.81%,Right-Hippocampus,NaN,NaN,NaN,NaN,NaN,NaN,NaN,NaN,NaN,19.4987449645996,-14.6031017303467,-24.1339530944824
DRAMT2,23.2,-12.4,-23.2,D,19,-2.714286,-16.285714,D,33.33%,Right-Cerebral-White-Matter,NaN,NaN,NaN,NaN,NaN,NaN,NaN,NaN,NaN,24.6742248535156,-11.7937412261963,-23.8128929138184
DRAMT3,27.333333,-12.666667,-23,D,24,-2.428571,-15.571429,D,37.04%,Right-Cerebral-White-Matter,NaN,NaN,NaN,NaN,NaN,NaN,NaN,NaN,NaN,31.2301483154297,-15.4104900360107,-21.8042831420898
DRAMT4,32,-14,-21,D,29,-2.142857,-14.857143,D,29.63%,Right-Cerebral-White-Matter,NaN,NaN,NaN,NaN,NaN,NaN,NaN,NaN,NaN,36.1555595397949,-16.3296985626221,-21.422384262085
DRAMT5,37.333333,-14.666667,-22,D,34,-1.857143,-14.142857,D,77.78%,Right-Cerebral-White-Matter,NaN,NaN,NaN,NaN,NaN,NaN,NaN,NaN,NaN,38.2088813781738,-14.3704624176025,-20.9121284484863
DRAMT6,43.333333,-14.888889,-20.888889,D,39,-1.571429,-13.428571,D,96.30%,Right-Cerebral-White-Matter,NaN,NaN,NaN,NaN,NaN,NaN,NaN,NaN,NaN,41.5563278198242,-15.3904237747192,-26.1924076080322
DRAMT7,51.142857,-15.142857,-19.142857,D,44,-1.285714,-12.714286,D,74.07%,Right-Cerebral-White-Matter,NaN,NaN,NaN,NaN,NaN,NaN,NaN,NaN,NaN,57.3201713562012,-20.6012268066406,-25.5454158782959
DRAMT8,57.6,-15.2,-17.2,D,49,-1,-12,D,11.11%,Unknown,NaN,NaN,NaN,NaN,NaN,NaN,NaN,NaN,NaN,57.9717826843262,-21.600399017334,-23.7956390380859
DRPMT1,12.666667,-42.666667,-1.333333,D,11,-31,-2,D,59.26%,Right-Cerebral-White-Matter,NaN,NaN,NaN,NaN,NaN,NaN,NaN,NaN,NaN,14.7995166778564,-46.3690032958984,-9.73519229888916
DRPMT2,17,-42,-3,D,15,-28.142857,-2.428571,D,66.67%,Right-Cerebral-White-Matter,NaN,NaN,NaN,NaN,NaN,NaN,NaN,NaN,NaN,19.5263290405273,-46.7416572570801,-4.18314647674561
DRPMT3,22.857143,-38.857143,-2.857143,D,19,-25.285714,-2.857143,D,100.00%,Right-Cerebral-White-Matter,NaN,NaN,NaN,NaN,NaN,NaN,NaN,NaN,NaN,30.9976749420166,-38.388069152832,-2.66507530212402
DRPMT4,27.333333,-37,-5.333333,D,23,-22.428571,-3.285714,D,51.85%,Right-Cerebral-White-Matter,NaN,NaN,NaN,NaN,NaN,NaN,NaN,NaN,NaN,32.6518249511719,-36.9410171508789,-7.53266143798828
DRPMT5,32.666667,-32.666667,-6,D,27,-19.571429,-3.714286,D,7.41%,Right-Cerebral-White-Matter,NaN,NaN,NaN,NaN,NaN,NaN,NaN,NaN,NaN,36.1977043151855,-35.4052429199219,-10.1037549972534
DRPMT6,37.777778,-29.111111,-6.888889,D,31,-16.714286,-4.142857,D,77.78%,Right-Cerebral-White-Matter,NaN,NaN,NaN,NaN,NaN,NaN,NaN,NaN,NaN,38.5152854919434,-30.8907356262207,-11.0236520767212
DRPMT7,45.2,-25,-5.6,D,35,-13.857143,-4.571429,D,100.00%,Right-Cerebral-White-Matter,NaN,NaN,NaN,NaN,NaN,NaN,NaN,NaN,NaN,46.7495498657227,-29.9536437988281,-6.30875301361084
DRPMT8,50,-20.8,-4.8,D,39,-11,-5,D,3.70%,Unknown,NaN,NaN,NaN,NaN,NaN,NaN,NaN,NaN,NaN,47.0682601928711,-26.9202613830566,-7.89939212799072
DRAI1,29.333333,6,-3.333333,D,23,14,5,D,100.00%,Right-Putamen,NaN,NaN,NaN,NaN,NaN,NaN,NaN,NaN,NaN,26.7220211029053,-0.569324851036072,-15.985559463501
DRAI2,36,5,-2,D,28,14,5,D,70.37%,Right-Cerebral-White-Matter,NaN,NaN,NaN,NaN,NaN,NaN,NaN,NaN,NaN,42.5541763305664,-2.46362996101379,-0.751627326011658
DRAI3,41.333333,5,-1.333333,D,33,14,5,D,100.00%,ctx-rh-insula,NaN,NaN,NaN,NaN,NaN,NaN,NaN,NaN,NaN,42.6914024353027,0.194935232400894,-2.71960878372192
DRAI4,46,4.666667,-0.666667,D,38,14,5,D,81.48%,Unknown,NaN,NaN,NaN,NaN,NaN,NaN,NaN,NaN,NaN,48.7677841186523,-2.34167981147766,4.25187206268311
DRPI1,NaN,NaN,NaN,,NaN,NaN,NaN,,,,NaN,NaN,NaN,NaN,NaN,NaN,NaN,NaN,NaN,NaN,NaN,NaN
DRPI2,NaN,NaN,NaN,,NaN,NaN,NaN,,,,NaN,NaN,NaN,NaN,NaN,NaN,NaN,NaN,NaN,NaN,NaN,NaN
DRPI3,NaN,NaN,NaN,,NaN,NaN,NaN,,,,NaN,NaN,NaN,NaN,NaN,NaN,NaN,NaN,NaN,NaN,NaN,NaN
DRPI4,NaN,NaN,NaN,,NaN,NaN,NaN,,,,NaN,NaN,NaN,NaN,NaN,NaN,NaN,NaN,NaN,NaN,NaN,NaN
SG1,NaN,NaN,NaN,,NaN,NaN,NaN,,,,NaN,NaN,NaN,NaN,NaN,NaN,NaN,NaN,NaN,NaN,NaN,NaN
SG6,NaN,NaN,NaN,,NaN,NaN,NaN,,,,NaN,NaN,NaN,NaN,NaN,NaN,NaN,NaN,NaN,NaN,NaN,NaN
